,K,Nu,Result,Teta
0,0.05707625926222248,-14670.0463325991,0,-0.14492169096260327
